"","participant_number_fl","congruent_mean_rt","incongruent_mean_rt","congruency_effect_rt","overall_mean_congruency_rt","overall_sd_congruency_rt","flanker_congruency_rt_z_score","congruent_mean_acc","incongruent_mean_acc","nogo_mean_acc","congruency_effect_acc","overall_mean_congruency_acc","overall_sd_congruency_acc","flanker_congruency_acc_z_score","composite_congruency_effect","nonswitch_mean_rt","switch_mean_rt","switch_effect_rt","overall_mean_switch","overall_sd_switch","flanker_switch_rt_z_score","nonswitch_mean_acc","switch_mean_acc","switch_effect_acc","overall_mean_switch_acc","overall_sd_switch_acc","flanker_switch_acc_z_score","composite_switch_effect","go_mean_acc","go_mean_errors","nogo_mean_errors","nogo_effect","overall_mean_nogo_effect","overall_sd_nogo_effect","flanker_nogo_effect_z_score","participant_number","child_adult_group","age_group","test_date","age_months","age_years_months","gender","list","computer_fl","comments_nw","comments_fl","exclude","mean_age_months","sd_age_months","age_months_z_score"
"1",3042331,2.7303,3.314,0.5837,0.243255917457493,0.433110212197958,0.786044921025559,0.833333333333333,0.0833333333333333,1,0.75,0.0894607843137255,0.233633502940449,2.82724526822097,1.80664509462327,3.0842,2.53266666666667,-0.551533333333333,0.228278758738843,0.376368608345382,-2.07193712435381,0.647058823529412,0.666666666666667,-0.0196078431372548,0.00245098039215686,0.092591421011293,-0.238238308565556,-1.15508771645968,0.458333333333333,0.541666666666667,0,-0.458333333333333,-0.764093137254902,0.295997545178227,1.03298087738351,3042301,"child","4-year-olds","2023-04-03",48,"4 years, 0 months","m",1,"adc3","ok","ok","no",64.9264705882353,9.40834208509484,-1.79909174593588
"2",3042333,3.0095,3.70266666666667,0.693166666666666,0.243255917457493,0.433110212197958,1.03879044302824,0.666666666666667,0.25,0.916666666666667,0.416666666666667,0.0894607843137255,0.233633502940449,1.40050925160482,1.21964984731653,3.13125,3.237,0.10575,0.228278758738843,0.376368608345382,-0.325555203122578,0.470588235294118,0.722222222222222,-0.251633986928105,0.00245098039215686,0.092591421011293,-2.74415236903289,-1.53485378607773,0.458333333333333,0.541666666666667,0.0833333333333334,-0.375,-0.764093137254902,0.295997545178227,1.31451474376458,3042303,"child","4-year-olds","2023-04-03",50,"4 years, 2 months","m",4,"adc3","normally wears glasses but was ok w/o them","not very fast; ??","no",64.9264705882353,9.40834208509484,-1.58651444146387
"3",3042334,1.57483333333333,2.49758333333333,0.92275,0.243255917457493,0.433110212197958,1.56887107116268,1,1,0.666666666666667,0,0.0894607843137255,0.233633502940449,-0.382910769165363,0.59298015099866,1.83381818181818,2.07383333333333,0.240015151515152,0.228278758738843,0.376368608345382,0.0311832403555251,0.764705882352941,1,-0.235294117647059,0.00245098039215686,0.092591421011293,-2.56767954787322,-1.26824815375885,1,0,0.333333333333333,-0.666666666666667,-0.764093137254902,0.295997545178227,0.329146211430816,4042302,"child","5-year-olds","2023-04-04",65,"5 years, 5 months","f",5,"adc3","ok","ok","no",64.9264705882353,9.40834208509484,0.00781534207617716
"4",3042336,1.94727272727273,1.95533333333333,0.0080606060606061,0.243255917457493,0.433110212197958,-0.543038018437182,0.916666666666667,1,0.833333333333333,-0.0833333333333334,0.0894607843137255,0.233633502940449,-0.739594773319401,-0.641316395878291,1.82618181818182,2.06981818181818,0.243636363636364,0.228278758738843,0.376368608345382,0.040804691350421,0.941176470588235,0.888888888888889,0.0522875816993464,0.00245098039215686,0.092591421011293,0.538242104536999,0.28952339794371,0.958333333333333,0.0416666666666666,0.166666666666667,-0.791666666666667,-0.764093137254902,0.295997545178227,-0.0931545881407975,3042304,"child","6-year-olds","2023-04-03",75,"6 years, 3 months","f",4,"adc3","talked a lot; said she didn't know; moved a lot","ok","no",64.9264705882353,9.40834208509484,1.07070186443621
"5",3303232,2.74008333333333,4.05766666666667,1.31758333333333,0.243255917457493,0.433110212197958,2.48049430749697,1,0.25,1,0.75,0.0894607843137255,0.233633502940449,2.82724526822097,2.65386978785897,2.87922222222222,3.19016666666667,0.310944444444444,0.228278758738843,0.376368608345382,0.219640224696268,0.823529411764706,0.666666666666667,0.156862745098039,0.00245098039215686,0.092591421011293,1.6676681599589,0.943654192327582,0.625,0.375,0,-0.625,-0.764093137254902,0.295997545178227,0.469913144621354,31032304,"child","4-year-olds","2023-03-31",51,"4 years, 3 months","f",6,"adc3","ok","ok","no",64.9264705882353,9.40834208509484,-1.48022578922787
"6",4042331,2.7022,2.666,-0.0362,0.243255917457493,0.433110212197958,-0.645230496965894,0.416666666666667,0.416666666666667,1,0,0.0894607843137255,0.233633502940449,-0.382910769165363,-0.514070633065629,1.9925,3.7215,1.729,0.228278758738843,0.376368608345382,3.98737091241146,0.647058823529412,0.555555555555556,0.0915032679738562,0.00245098039215686,0.092591421011293,0.96177687532021,2.47457389386583,0.416666666666667,0.583333333333333,0,-0.416666666666667,-0.764093137254902,0.295997545178227,1.17374781057404,4042301,"child","4-year-olds","2023-04-04",51,"4 years, 3 months","f",3,"adc3","stood up a lot","ok","no",64.9264705882353,9.40834208509484,-1.48022578922787
"7",7022361,1.2505,1.48408333333333,0.233583333333333,0.243255917457493,0.433110212197958,-0.022332847048497,1,1,1,0,0.0894607843137255,0.233633502940449,-0.382910769165363,-0.20262180810693,1.27566666666667,1.45891666666667,0.18325,0.228278758738843,0.376368608345382,-0.119640048984961,1,1,0,0.00245098039215686,0.092591421011293,-0.0264709231739507,-0.0730554860794559,1,0,0,-1,-0.764093137254902,0.295997545178227,-0.796989254093487,7042303,"child","6-year-olds","2023-04-07",77,"6 years, 5 months","f",3,"adc6","ok","Elizabeth explained the task","no",64.9264705882353,9.40834208509484,1.28327916890822
"8",7042383,1.25325,1.54566666666667,0.292416666666667,0.243255917457493,0.433110212197958,0.113506326622252,1,1,1,0,0.0894607843137255,0.233633502940449,-0.382910769165363,-0.134702221271556,1.29081818181818,1.37883333333333,0.0880151515151515,0.228278758738843,0.376368608345382,-0.372676158727286,1,1,0,0.00245098039215686,0.092591421011293,-0.0264709231739507,-0.199573540950619,1,0,0,-1,-0.764093137254902,0.295997545178227,-0.796989254093487,5042301,"child","6-year-olds","2023-04-05",72,"6 years, 0 months","m",4,"adc8","ok","ok","no",64.9264705882353,9.40834208509484,0.7518359077282
"9",7042384,2.23483333333333,3.043125,0.808291666666666,0.243255917457493,0.433110212197958,1.30460038414176,1,0.666666666666667,1,0.333333333333333,0.0894607843137255,0.233633502940449,1.04382524745079,1.17421281579627,2.52,2.49888888888889,-0.0211111111111113,0.228278758738843,0.376368608345382,-0.662621335361467,0.941176470588235,0.833333333333333,0.107843137254902,0.00245098039215686,0.092591421011293,1.13824969647988,0.237814180559207,0.833333333333333,0.166666666666667,0,-0.833333333333333,-0.764093137254902,0.295997545178227,-0.233921521331335,7042301,"child","6-year-olds","2023-04-07",74,"6 years, 2 months","f",1,"adc8","ok","ok","no",64.9264705882353,9.40834208509484,0.964413212200207
"10",7042385,1.13216666666667,1.23891666666667,0.10675,0.243255917457493,0.433110212197958,-0.315175938163058,1,1,1,0,0.0894607843137255,0.233633502940449,-0.382910769165363,-0.349043353664211,1.21958333333333,1.1515,-0.0680833333333333,0.228278758738843,0.376368608345382,-0.787425107994697,1,1,0,0.00245098039215686,0.092591421011293,-0.0264709231739507,-0.406948015584324,1,0,0,-1,-0.764093137254902,0.295997545178227,-0.796989254093487,7042302,"child","6-year-olds","2023-04-07",72,"6 years, 0 months","f",2,"adc8","hair sometimes covered left eye","ok","no",64.9264705882353,9.40834208509484,0.7518359077282
"11",7042388,0.834666666666667,0.873416666666667,0.03875,0.243255917457493,0.433110212197958,-0.47217985560687,1,1,1,0,0.0894607843137255,0.233633502940449,-0.382910769165363,-0.427545312386116,0.828636363636364,0.860416666666667,0.031780303030303,0.228278758738843,0.376368608345382,-0.522090448968101,1,1,0,0.00245098039215686,0.092591421011293,-0.0264709231739507,-0.274280686071026,1,0,0,-1,-0.764093137254902,0.295997545178227,-0.796989254093487,7042305,"child","6-year-olds","2023-04-07",81,"6 years, 9 months","f",5,"adc8","ok","ok","no",64.9264705882353,9.40834208509484,1.70843377785223
"12",7042389,1.37658333333333,1.43783359132848,0.0612502579951448,0.243255917457493,0.433110212197958,-0.420229434301955,1,1,1,0,0.0894607843137255,0.233633502940449,-0.382910769165363,-0.401570101733659,1.38718181818182,1.40800025799514,0.0208184398133267,0.228278758738843,0.376368608345382,-0.551215787728864,1,1,0,0.00245098039215686,0.092591421011293,-0.0264709231739507,-0.288843355451408,1,0,0,-1,-0.764093137254902,0.295997545178227,-0.796989254093487,7042304,"child","6-year-olds","2023-04-07",75,"6 years, 3 months","m",4,"adc6","trial 23 should be 2 not 1","stopped looking as much at the screen near the end","no",64.9264705882353,9.40834208509484,1.07070186443621
"13",11042338,1.17772727272727,1.1293,-0.0484272727272728,0.243255917457493,0.433110212197958,-0.673461816345831,0.916666666666667,0.833333333333333,0.916666666666667,0.0833333333333333,0.0894607843137255,0.233633502940449,-0.0262267650113266,-0.349844290678579,1.0481,1.1731,0.125,0.228278758738843,0.376368608345382,-0.274408535804525,0.882352941176471,0.888888888888889,-0.00653594771241828,0.00245098039215686,0.092591421011293,-0.0970600516378191,-0.185734293721172,0.875,0.125,0.0833333333333334,-0.791666666666667,-0.764093137254902,0.295997545178227,-0.0931545881407971,11042305,"child","6-year-olds","2023-04-11",75,"6 years, 3 months","f",4,"adc3","ok","ok","no",64.9264705882353,9.40834208509484,1.07070186443621
"14",11042361,1.61875,1.7605,0.14175,0.243255917457493,0.433110212197958,-0.234365098302272,1,1,1,0,0.0894607843137255,0.233633502940449,-0.382910769165363,-0.308637933733818,1.62525,1.754,0.12875,0.228278758738843,0.376368608345382,-0.264444899313995,1,1,0,0.00245098039215686,0.092591421011293,-0.0264709231739507,-0.145457911243973,1,0,0,-1,-0.764093137254902,0.295997545178227,-0.796989254093487,11042302,"child","6-year-olds","2023-04-11",78,"6 years, 6 months","m",8,"adc6","squirmy","ok","no",64.9264705882353,9.40834208509484,1.38956782114422
"15",11042381,1.2415,1.33483333333333,0.0933333333333333,0.243255917457493,0.433110212197958,-0.346153426776359,1,1,0.75,0,0.0894607843137255,0.233633502940449,-0.382910769165363,-0.364532097970861,1.268,1.3105,0.0425,0.228278758738843,0.376368608345382,-0.493608538596182,0.823529411764706,1,-0.176470588235294,0.00245098039215686,0.092591421011293,-1.9323773916984,-1.21299296514729,1,0,0.25,-0.75,-0.764093137254902,0.295997545178227,0.0476123450497406,11042301,"child","6-year-olds","2023-04-11",79,"6 years, 7 months","m",7,"adc8","trouble with audio settings at beginning but okay once adjusted right during calibration; hair falling in face","ok","no",64.9264705882353,9.40834208509484,1.49585647338022
"16",11042382,2.18466666666667,2.58441666666667,0.39975,0.243255917457493,0.433110212197958,0.36132623552866,1,1,0.666666666666667,0,0.0894607843137255,0.233633502940449,-0.382910769165363,-0.0107922668183515,2.19358333333333,2.5755,0.381916666666667,0.228278758738843,0.376368608345382,0.408211270868889,0.882352941176471,0.944444444444444,-0.0620915032679739,0.00245098039215686,0.092591421011293,-0.697067643580703,-0.144428186355907,1,0,0.333333333333333,-0.666666666666667,-0.764093137254902,0.295997545178227,0.329146211430816,11042303,"child","6-year-olds","2023-04-11",80,"6 years, 8 months","f",1,"adc8","ok","ok","no",64.9264705882353,9.40834208509484,1.60214512561623
"17",11042383,1.996,2.51655555555556,0.520555555555556,0.243255917457493,0.433110212197958,0.640251904222752,1,0.75,1,0.25,0.0894607843137255,0.233633502940449,0.687141243296748,0.66369657375975,2.0562,2.36718181818182,0.310981818181818,0.228278758738843,0.376368608345382,0.219739525585197,0.941176470588235,0.944444444444444,-0.00326797385620914,0.00245098039215686,0.092591421011293,-0.0617654874058849,0.0789870190896561,0.875,0.125,0,-0.875,-0.764093137254902,0.295997545178227,-0.374688454521873,11042304,"child","6-year-olds","2023-04-11",77,"6 years, 5 months","m",3,"adc8","hesitated on first test trial","ok","no",64.9264705882353,9.40834208509484,1.28327916890822
"18",12042334,0.991916666666667,1.527,0.535083333333333,0.243255917457493,0.433110212197958,0.673794816323697,1,1,1,0,0.0894607843137255,0.233633502940449,-0.382910769165363,0.145442023579167,0.826727272727273,1.46258333333333,0.635856060606061,0.228278758738843,0.376368608345382,1.08292055402558,1,1,0,0.00245098039215686,0.092591421011293,-0.0264709231739507,0.528224815425814,1,0,0,-1,-0.764093137254902,0.295997545178227,-0.796989254093487,12042303,"child","6-year-olds","2023-04-12",72,"6 years, 0 months","m",8,"adc3","trial 19 should be 2 not 1","ok","no",64.9264705882353,9.40834208509484,0.7518359077282
"19",14032303,1.29466666666667,1.41966666666667,0.125,0.243255917457493,0.433110212197958,-0.273038857378505,1,1,0.833333333333333,0,0.0894607843137255,0.233633502940449,-0.382910769165363,-0.327974813271934,1.35254545454545,1.37383333333333,0.0212878787878787,0.228278758738843,0.376368608345382,-0.549968502583018,0.882352941176471,1,-0.117647058823529,0.00245098039215686,0.092591421011293,-1.29707523552359,-0.923521869053302,1,0,0.166666666666667,-0.833333333333333,-0.764093137254902,0.295997545178227,-0.233921521331335,14032302,"child","6-year-olds","2023-03-14",73,"6 years, 1 months","f",2,"adc4","some trouble finding left eye but never had to recalibrate","ok","no",64.9264705882353,9.40834208509484,0.858124559964203
"20",14032304,1.2845,1.48841666666667,0.203916666666667,0.243255917457493,0.433110212197958,-0.0908296541685915,1,1,1,0,0.0894607843137255,0.233633502940449,-0.382910769165363,-0.236870211666977,1.23309090909091,1.46975,0.236659090909091,0.228278758738843,0.376368608345382,0.0222662889104647,1,1,0,0.00245098039215686,0.092591421011293,-0.0264709231739507,-0.00210231713174303,1,0,0,-1,-0.764093137254902,0.295997545178227,-0.796989254093487,14032304,"child","6-year-olds","2023-03-14",74,"6 years, 2 months","m",3,"adc4","skipped recalibration on test trial 2, 15, 20","ok","no",64.9264705882353,9.40834208509484,0.964413212200207
"21",14032305,1.529,1.971,0.442,0.243255917457493,0.433110212197958,0.458876463646323,1,0.916666666666667,1,0.0833333333333334,0.0894607843137255,0.233633502940449,-0.0262267650113261,0.216324849317498,1.61827272727273,1.79572727272727,0.177454545454546,0.228278758738843,0.376368608345382,-0.135038396288507,1,0.944444444444444,0.0555555555555556,0.00245098039215686,0.092591421011293,0.573536668768933,0.219249136240213,0.958333333333333,0.0416666666666666,0,-0.958333333333333,-0.764093137254902,0.295997545178227,-0.656222320902949,14032305,"child","5-year-olds","2023-03-14",69,"5 years, 9 months","m",4,"adc4","ok","ok","no",64.9264705882353,9.40834208509484,0.43296995102019
"22",14032306,1.34791666666667,1.4417558258756,0.0938391592089367,0.243255917457493,0.433110212197958,-0.344985534952621,1,1,1,0,0.0894607843137255,0.233633502940449,-0.382910769165363,-0.363948152058992,1.35541666666667,1.4342558258756,0.0788391592089366,0.228278758738843,0.376368608345382,-0.397056492535026,1,1,0,0.00245098039215686,0.092591421011293,-0.0264709231739507,-0.211763707854488,1,0,0,-1,-0.764093137254902,0.295997545178227,-0.796989254093487,14032306,"child","6-year-olds","2023-03-14",73,"6 years, 1 months","f",5,"adc4","ok","ok","no",64.9264705882353,9.40834208509484,0.858124559964203
"23",20032301,2.30988254698842,1.8642,-0.445682546988423,0.243255917457493,0.433110212197958,-1.59067702640784,0.916666666666667,0.416666666666667,1,0.5,0.0894607843137255,0.233633502940449,1.75719325575886,0.0832581146755108,1.89114285714286,2.13625,0.245107142857143,0.228278758738843,0.376368608345382,0.0447125072207324,0.764705882352941,0.777777777777778,-0.0130718954248367,0.00245098039215686,0.092591421011293,-0.167649180101689,-0.0614683364404781,0.666666666666667,0.333333333333333,0,-0.666666666666667,-0.764093137254902,0.295997545178227,0.329146211430816,20032301,"child","4-year-olds","2023-03-20",53,"4 years, 5 months","f",6,"adc5","lots of calibration issues at first but no issues after","distracted","no",64.9264705882353,9.40834208509484,-1.26764848475586
"24",20032304,1.04366666666667,1.07880586910255,0.0351392024358879,0.243255917457493,0.433110212197958,-0.48051675799896,1,1,0.416666666666667,0,0.0894607843137255,0.233633502940449,-0.382910769165363,-0.431713763582162,1.1052427662937,1.03316666666667,-0.0720760996270291,0.228278758738843,0.376368608345382,-0.798033767179237,0.823529411764706,0.777777777777778,0.0457516339869281,0.00245098039215686,0.092591421011293,0.467652976073129,-0.165190395553054,1,0,0.583333333333333,-0.416666666666667,-0.764093137254902,0.295997545178227,1.17374781057404,20032304,"child","5-year-olds","2023-03-20",71,"5 years, 11 months","f",2,"adc5","ok","made a lot of mistakes with the fishbowls at the end","no",64.9264705882353,9.40834208509484,0.645547255492197
"25",20032305,1.66736363636364,2.07853692104897,0.411173284685331,0.243255917457493,0.433110212197958,0.387701242082672,0.916666666666667,1,0.916666666666667,-0.0833333333333334,0.0894607843137255,0.233633502940449,-0.739594773319401,-0.175946765618364,1.7227,1.88683333333333,0.164133333333333,0.228278758738843,0.376368608345382,-0.170432453672239,0.941176470588235,0.944444444444444,-0.00326797385620914,0.00245098039215686,0.092591421011293,-0.0617654874058849,-0.116098970539062,0.958333333333333,0.0416666666666666,0.0833333333333334,-0.875,-0.764093137254902,0.295997545178227,-0.374688454521873,20032305,"child","6-year-olds","2023-03-20",72,"6 years, 0 months","f",5,"adc5","hears another language at home but knows mostly French","ok","no",64.9264705882353,9.40834208509484,0.7518359077282
"26",20032307,1.22833333333333,1.26166666666667,0.0333333333333334,0.243255917457493,0.433110212197958,-0.484686295109134,1,1,0.916666666666667,0,0.0894607843137255,0.233633502940449,-0.382910769165363,-0.433798532137249,1.22809090909091,1.25758333333333,0.0294924242424242,0.228278758738843,0.376368608345382,-0.528169273655253,1,0.944444444444444,0.0555555555555556,0.00245098039215686,0.092591421011293,0.573536668768933,0.0226836975568399,1,0,0.0833333333333334,-0.916666666666667,-0.764093137254902,0.295997545178227,-0.515455387712411,20032307,"child","6-year-olds","2023-03-20",72,"6 years, 0 months","f",6,"adc5","ok","ok","no",64.9264705882353,9.40834208509484,0.7518359077282
"27",20032308,0.78575,0.862878886741365,0.0771288867413652,0.243255917457493,0.433110212197958,-0.383567567878536,1,1,0,0,0.0894607843137255,0.233633502940449,-0.382910769165363,-0.38323916852195,0.839378886741365,0.80925,-0.0301288867413652,0.228278758738843,0.376368608345382,-0.68658129225027,0.705882352941177,0.666666666666667,0.0392156862745099,0.00245098039215686,0.092591421011293,0.397063847609262,-0.144758722320504,1,0,1,0,-0.764093137254902,0.295997545178227,2.58141714247942,20032308,"child","5-year-olds","2023-03-20",65,"5 years, 5 months","m",4,"adc5","stopped early (about halfway) because didn't want to continue","didn't always understand the aquariums","no",64.9264705882353,9.40834208509484,0.00781534207617716
"28",20032309,2.4445,2.623875,0.179375,0.243255917457493,0.433110212197958,-0.147493445451928,0.833333333333333,0.666666666666667,1,0.166666666666667,0.0894607843137255,0.233633502940449,0.330457239142711,0.0914818968453914,2.85833333333333,2.19011111111111,-0.668222222222222,0.228278758738843,0.376368608345382,-2.3819759700532,0.882352941176471,0.833333333333333,0.0490196078431372,0.00245098039215686,0.092591421011293,0.502947540305063,-0.939514214874069,0.75,0.25,0,-0.75,-0.764093137254902,0.295997545178227,0.0476123450497406,20032309,"child","5-year-olds","2023-03-21",64,"5 years, 4 months","m",6,"adc5","ok","distracted, looked at their friend; keys didn't always work","no",64.9264705882353,9.40834208509484,-0.0984733101598261
"29",20032310,1.18064499542456,0.967916666666667,-0.212728328757893,0.243255917457493,0.433110212197958,-1.05281342571293,0.916666666666667,1,0.666666666666667,-0.0833333333333334,0.0894607843137255,0.233633502940449,-0.739594773319401,-0.896204099516165,0.9794,1.08950791247251,0.110107912472513,0.228278758738843,0.376368608345382,-0.3139763615936,0.764705882352941,0.944444444444444,-0.179738562091503,0.00245098039215686,0.092591421011293,-1.96767195593034,-1.14082415876197,0.958333333333333,0.0416666666666666,0.333333333333333,-0.625,-0.764093137254902,0.295997545178227,0.469913144621354,20032310,"child","5-year-olds","2023-03-21",70,"5 years, 10 months","f",4,"adc5","stood up a lot","ok","no",64.9264705882353,9.40834208509484,0.539258603256194
"30",20032311,2.37166666666667,3.224,0.852333333333334,0.243255917457493,0.433110212197958,1.40628735763325,1,0.833333333333333,1,0.166666666666667,0.0894607843137255,0.233633502940449,0.330457239142711,0.868372298387978,2.709,2.70545454545455,-0.00354545454545452,0.228278758738843,0.376368608345382,-0.615949917564749,0.941176470588235,0.944444444444444,-0.00326797385620914,0.00245098039215686,0.092591421011293,-0.0617654874058849,-0.338857702485317,0.916666666666667,0.0833333333333334,0,-0.916666666666667,-0.764093137254902,0.295997545178227,-0.515455387712411,20032311,"child","5-year-olds","2023-03-21",61,"5 years, 1 months","f",3,"adc5","ok","ok","no",64.9264705882353,9.40834208509484,-0.417339266867836
"31",20032312,2.30225,2.12509090909091,-0.177159090909091,0.243255917457493,0.433110212197958,-0.970688283319507,1,0.916666666666667,0.833333333333333,0.0833333333333334,0.0894607843137255,0.233633502940449,-0.0262267650113261,-0.498457524165417,2.09116666666667,2.35536363636364,0.264196969696969,0.228278758738843,0.376368608345382,0.095433599300517,0.941176470588235,0.888888888888889,0.0522875816993464,0.00245098039215686,0.092591421011293,0.538242104536999,0.316837851918758,0.958333333333333,0.0416666666666666,0.166666666666667,-0.791666666666667,-0.764093137254902,0.295997545178227,-0.0931545881407975,20032312,"child","5-year-olds","2023-03-21",70,"5 years, 10 months","f",5,"adc5","trial 6 (test trial 3) should be 2 not 1","ok","no",64.9264705882353,9.40834208509484,0.539258603256194
"32",20032343,2.03283333333333,2.67983333333333,0.647,0.243255917457493,0.433110212197958,0.932197097116637,1,0.5,0.916666666666667,0.5,0.0894607843137255,0.233633502940449,1.75719325575886,1.34469517643775,1.80925,2.5999,0.79065,0.228278758738843,0.376368608345382,1.4942033655078,0.764705882352941,0.833333333333333,-0.0686274509803922,0.00245098039215686,0.092591421011293,-0.767656772044572,0.363273296731613,0.75,0.25,0.0833333333333334,-0.666666666666667,-0.764093137254902,0.295997545178227,0.329146211430816,20032343,"child","4-year-olds","2023-03-20",58,"4 years, 10 months","f",8,"adc4","trouble calibrating until we moved table; stood up a lot to point; skipped recalibration on last trial","ok","no",64.9264705882353,9.40834208509484,-0.736205223575846
"33",20032344,1.66366666666667,1.92355432941317,0.259887662746504,0.243255917457493,0.433110212197958,0.0384007230044486,1,1,0.916666666666667,0,0.0894607843137255,0.233633502940449,-0.382910769165363,-0.172255023080457,1.60490909090909,1.9053876627465,0.300478571837413,0.228278758738843,0.376368608345382,0.191832717972894,1,0.944444444444444,0.0555555555555556,0.00245098039215686,0.092591421011293,0.573536668768933,0.382684693370913,1,0,0.0833333333333334,-0.916666666666667,-0.764093137254902,0.295997545178227,-0.515455387712411,20032344,"child","5-year-olds","2023-03-20",62,"5 years, 2 months","m",1,"adc4","had to recalibrate once and skipped recalibration on last trial","only used his right hand to respond","no",64.9264705882353,9.40834208509484,-0.311050614631833
"34",20032345,1.61666666666667,1.54841666666667,-0.0682500000000001,0.243255917457493,0.433110212197958,-0.719230137466985,1,1,1,0,0.0894607843137255,0.233633502940449,-0.382910769165363,-0.551070453316174,1.44454545454545,1.70941666666667,0.264871212121212,0.228278758738843,0.376368608345382,0.0972250410129559,1,1,0,0.00245098039215686,0.092591421011293,-0.0264709231739507,0.0353770589195026,1,0,0,-1,-0.764093137254902,0.295997545178227,-0.796989254093487,20032345,"child","5-year-olds","2023-03-20",67,"5 years, 7 months","m",3,"adc4","talked a lot and seemed impatient; had to recalibrate 2x; moved a lot","ok","no",64.9264705882353,9.40834208509484,0.220392646548184
"35",22032301,1.47458333333333,1.66583333333333,0.19125,0.243255917457493,0.433110212197958,-0.120075481927733,1,1,1,0,0.0894607843137255,0.233633502940449,-0.382910769165363,-0.251493125546548,1.59027272727273,1.56766666666667,-0.0226060606060605,0.228278758738843,0.376368608345382,-0.666593370918634,1,1,0,0.00245098039215686,0.092591421011293,-0.0264709231739507,-0.346532147046292,1,0,0,-1,-0.764093137254902,0.295997545178227,-0.796989254093487,22032301,"child","6-year-olds","2023-03-22",73,"6 years, 1 months","f",7,"??","very slow to respond for one test trial near beginning","ok","no",64.9264705882353,9.40834208509484,0.858124559964203
"36",22032302,1.69433333333333,1.94833333333333,0.254,0.243255917457493,0.433110212197958,0.0248068095369608,1,1,1,0,0.0894607843137255,0.233633502940449,-0.382910769165363,-0.179051979814201,1.70158333333333,1.94108333333333,0.2395,0.228278758738843,0.376368608345382,0.0298144983729869,1,1,0,0.00245098039215686,0.092591421011293,-0.0264709231739507,0.0016717875995181,1,0,0,-1,-0.764093137254902,0.295997545178227,-0.796989254093487,22032302,"child","4-year-olds","2023-03-22",56,"4 years, 8 months","m",8,"??","stood up, looked at me a lot","ok","no",64.9264705882353,9.40834208509484,-0.948782528047852
"37",22032303,1.80345454545455,2.42609090909091,0.622636363636364,0.243255917457493,0.433110212197958,0.875944356642117,0.916666666666667,0.916666666666667,1,0,0.0894607843137255,0.233633502940449,-0.382910769165363,0.246516793738377,1.92327272727273,2.30627272727273,0.383,0.228278758738843,0.376368608345382,0.411089654743931,0.941176470588235,0.944444444444444,-0.00326797385620914,0.00245098039215686,0.092591421011293,-0.0617654874058849,0.174662083669023,0.916666666666667,0.0833333333333334,0,-0.916666666666667,-0.764093137254902,0.295997545178227,-0.515455387712411,22032303,"child","4-year-olds","2023-03-22",51,"4 years, 3 months","m",1,"??","stood up a lot in beginning","ok","no",64.9264705882353,9.40834208509484,-1.48022578922787
"38",22032305,1.21375,1.21025,-0.00350000000000006,0.243255917457493,0.433110212197958,-0.569730083724532,0.333333333333333,0.666666666666667,1,-0.333333333333333,0.0894607843137255,0.233633502940449,-1.80964678578151,-1.18968843475302,1.135,1.36425,0.22925,0.228278758738843,0.376368608345382,0.00258055863220619,0.823529411764706,0.555555555555556,0.26797385620915,0.00245098039215686,0.092591421011293,2.86768334384466,1.43513195123843,0.5,0.5,0,-0.5,-0.764093137254902,0.295997545178227,0.892213944192968,22032305,"child","5-year-olds","2023-03-22",66,"5 years, 6 months","f",3,"??","wears glasses but did task fine without","often seemed to switch between keys","no",64.9264705882353,9.40834208509484,0.11410399431218
"39",29032343,1.46675596864396,1.1374,-0.329355968643962,0.243255917457493,0.433110212197958,-1.32209278371791,0.833333333333333,0.416666666666667,0,0.416666666666667,0.0894607843137255,0.233633502940449,1.40050925160482,0.0392082339434551,1.45750852663423,1.25814285714286,-0.199365669491374,0.228278758738843,0.376368608345382,-1.13623830135637,0.411764705882353,0.388888888888889,0.022875816993464,0.00245098039215686,0.092591421011293,0.220591026449589,-0.457823637453389,0.625,0.375,1,0.375,-0.764093137254902,0.295997545178227,3.84831954119426,29032301,"child","5-year-olds","2023-03-29",61,"5 years, 1 months","m",4,"adc4","had to prompt to respond whole way through; kept counting instead of pointing; normally wears glasses but fine without; distracted near end","thought he understood training but clicked everywhere in the task","no",64.9264705882353,9.40834208509484,-0.417339266867836
"40",29032345,1.77158333333333,2.215,0.443416666666667,0.243255917457493,0.433110212197958,0.462147378593068,1,0.333333333333333,1,0.666666666666667,0.0894607843137255,0.233633502940449,2.47056126406693,1.46635432133,1.578,2.0667,0.4887,0.228278758738843,0.376368608345382,0.691931355290333,0.647058823529412,0.888888888888889,-0.241830065359477,0.00245098039215686,0.092591421011293,-2.63826867633709,-0.973168660523377,0.666666666666667,0.333333333333333,0,-0.666666666666667,-0.764093137254902,0.295997545178227,0.329146211430816,29032302,"child","4-year-olds","2023-03-29",59,"4 years, 11 months","f",5,"adc4","talked a lot; said it was easy","had trouble understanding that she should focus on fish in middle","no",64.9264705882353,9.40834208509484,-0.629916571339843
"41",29032346,2.37491666666667,1.97691666666667,-0.398,0.243255917457493,0.433110212197958,-1.48058369301253,1,1,1,0,0.0894607843137255,0.233633502940449,-0.382910769165363,-0.931747231088945,2.01281818181818,2.17433333333333,0.161515151515151,0.228278758738843,0.376368608345382,-0.177388883512902,1,1,0,0.00245098039215686,0.092591421011293,-0.0264709231739507,-0.101929903343426,1,0,0,-1,-0.764093137254902,0.295997545178227,-0.796989254093487,29032303,"child","5-year-olds","2023-03-29",60,"5 years, 0 months","f",6,"adc4","ok","ok","no",64.9264705882353,9.40834208509484,-0.523627919103839
"42",29032347,1.40720494878111,1.47283333333333,0.0656283845522256,0.243255917457493,0.433110212197958,-0.410120860470683,1,1,1,0,0.0894607843137255,0.233633502940449,-0.382910769165363,-0.396515814818023,1.20190909090909,1.64012161544777,0.438212524538684,0.228278758738843,0.376368608345382,0.557787661204706,1,1,0,0.00245098039215686,0.092591421011293,-0.0264709231739507,0.265658369015378,1,0,0,-1,-0.764093137254902,0.295997545178227,-0.796989254093487,29032305,"child","6-year-olds","2023-03-29",72,"6 years, 0 months","f",8,"adc4","talked a lot","ok","no",64.9264705882353,9.40834208509484,0.7518359077282
"43",29032348,1.3035,1.3305,0.0270000000000001,0.243255917457493,0.433110212197958,-0.499309208988704,1,1,1,0,0.0894607843137255,0.233633502940449,-0.382910769165363,-0.441109989077034,1.26583333333333,1.36816666666667,0.102333333333333,0.228278758738843,0.376368608345382,-0.334633183036172,1,1,0,0.00245098039215686,0.092591421011293,-0.0264709231739507,-0.180552053105061,1,0,0,-1,-0.764093137254902,0.295997545178227,-0.796989254093487,29032304,"child","5-year-olds","2023-03-29",69,"5 years, 9 months","f",7,"adc4","ok","ok","no",64.9264705882353,9.40834208509484,0.43296995102019
"44",29032349,1.55008333333333,1.65371568611668,0.103632352783348,0.243255917457493,0.433110212197958,-0.322374215019266,1,0.916666666666667,0.916666666666667,0.0833333333333334,0.0894607843137255,0.233633502940449,-0.0262267650113261,-0.174300490015296,1.35454545454545,1.81644295884395,0.461897504298499,0.228278758738843,0.376368608345382,0.620717935501335,0.941176470588235,0.944444444444444,-0.00326797385620914,0.00245098039215686,0.092591421011293,-0.0617654874058849,0.279476224047725,0.958333333333333,0.0416666666666666,0.0833333333333334,-0.875,-0.764093137254902,0.295997545178227,-0.374688454521873,29032306,"child","5-year-olds","2023-03-29",63,"5 years, 3 months","f",1,"adc4","hesitated on first test trial and I had to prompt","ok","no",64.9264705882353,9.40834208509484,-0.204761962395829
"45",30032352,2.1635,2.08872727272727,-0.0747727272727272,0.243255917457493,0.433110212197958,-0.73429033944104,1,0.916666666666667,1,0.0833333333333334,0.0894607843137255,0.233633502940449,-0.0262267650113261,-0.380258552226183,2.09472727272727,2.25718181818182,0.162454545454546,0.228278758738843,0.376368608345382,-0.174892942250625,1,0.944444444444444,0.0555555555555556,0.00245098039215686,0.092591421011293,0.573536668768933,0.199321863259154,0.958333333333333,0.0416666666666666,0,-0.958333333333333,-0.764093137254902,0.295997545178227,-0.656222320902949,30032308,"child","4-year-olds","2023-03-30",50,"4 years, 2 months","m",3,"adc5","leaned toward camera a lot","ok","no",64.9264705882353,9.40834208509484,-1.58651444146387
"46",30032353,1.64775,2.0805,0.43275,0.243255917457493,0.433110212197958,0.437519313111686,1,1,0.916666666666667,0,0.0894607843137255,0.233633502940449,-0.382910769165363,0.0273042719731612,1.91433333333333,1.81391666666667,-0.100416666666667,0.228278758738843,0.376368608345382,-0.873333795957488,1,0.944444444444444,0.0555555555555556,0.00245098039215686,0.092591421011293,0.573536668768933,-0.149898563594278,1,0,0.0833333333333334,-0.916666666666667,-0.764093137254902,0.295997545178227,-0.515455387712411,30032309,"child","4-year-olds","2023-03-30",50,"4 years, 2 months","f",4,"adc5","trial 10 should be 1 not 2","ok","no",64.9264705882353,9.40834208509484,-1.58651444146387
"47",30032355,1.91575,1.7618,-0.15395,0.243255917457493,0.433110212197958,-0.917101251068965,1,0.833333333333333,1,0.166666666666667,0.0894607843137255,0.233633502940449,0.330457239142711,-0.293322005963127,1.3082,2.24718181818182,0.938981818181818,0.228278758738843,0.376368608345382,1.8883165165326,0.941176470588235,0.944444444444444,-0.00326797385620914,0.00245098039215686,0.092591421011293,-0.0617654874058849,0.913275514563358,0.916666666666667,0.0833333333333334,0,-0.916666666666667,-0.764093137254902,0.295997545178227,-0.515455387712411,31032301,"child","5-year-olds","2023-03-31",61,"5 years, 1 months","m",2,"adc5","ok","ok","no",64.9264705882353,9.40834208509484,-0.417339266867836
"48",30032356,1.40266666666667,1.02916666666667,-0.3735,0.243255917457493,0.433110212197958,-1.42401610510998,0.75,0.5,0.583333333333333,0.25,0.0894607843137255,0.233633502940449,0.687141243296748,-0.368437430906615,0.777428571428571,1.38214285714286,0.604714285714286,0.228278758738843,0.376368608345382,1.0001778007745,0.588235294117647,0.611111111111111,-0.0228758169934641,0.00245098039215686,0.092591421011293,-0.273532872797491,0.363322463988503,0.625,0.375,0.416666666666667,-0.208333333333333,-0.764093137254902,0.295997545178227,1.87758247652673,31032302,"child","5-year-olds","2023-03-31",62,"5 years, 2 months","f",4,"adc5","test trial 5 should be 1 not 2; difficult fixations and recalibration halfway through; asked to stop around end of 3rd block and do other game","interrupted during Flanker to ask to take off the headphones","no",64.9264705882353,9.40834208509484,-0.311050614631833
"49",30032357,2.08825,2.56633333333333,0.478083333333333,0.243255917457493,0.433110212197958,0.542188591407561,0.666666666666667,0.25,0.5,0.416666666666667,0.0894607843137255,0.233633502940449,1.40050925160482,0.971348921506191,2.4485,1.9428,-0.5057,0.228278758738843,0.376368608345382,-1.95015934502511,0.529411764705882,0.444444444444444,0.0849673202614379,0.00245098039215686,0.092591421011293,0.891187746856341,-0.529485799084385,0.458333333333333,0.541666666666667,0.5,0.0416666666666667,-0.764093137254902,0.295997545178227,2.72218407566996,30032302,"child","4-year-olds","2023-03-30",52,"4 years, 4 months","f",3,"adc5","ok","somewhat distracted during Flanker","no",64.9264705882353,9.40834208509484,-1.37393713699187
"50",30032358,1.63675,2.8027,1.16595,0.243255917457493,0.433110212197958,2.1303909641382,1,0.833333333333333,1,0.166666666666667,0.0894607843137255,0.233633502940449,0.330457239142711,1.23042410164045,1.89618181818182,2.43727272727273,0.541090909090909,0.228278758738843,0.376368608345382,0.831132414914391,0.941176470588235,0.944444444444444,-0.00326797385620914,0.00245098039215686,0.092591421011293,-0.0617654874058849,0.384683463754253,0.916666666666667,0.0833333333333334,0,-0.916666666666667,-0.764093137254902,0.295997545178227,-0.515455387712411,30032304,"child","4-year-olds","2023-03-30",55,"4 years, 7 months","m",5,"adc5","prompted a few times","ok","no",64.9264705882353,9.40834208509484,-1.05507118028386
"51",30032359,1.8268,2.05,0.2232,0.243255917457493,0.433110212197958,-0.0463067295405307,0.833333333333333,0.75,1,0.0833333333333334,0.0894607843137255,0.233633502940449,-0.0262267650113261,-0.0362667472759284,2.1288,1.71275,-0.41605,0.228278758738843,0.376368608345382,-1.71196200865818,0.941176470588235,0.777777777777778,0.163398692810457,0.00245098039215686,0.092591421011293,1.73825728842276,0.0131476398822939,0.791666666666667,0.208333333333333,0,-0.791666666666667,-0.764093137254902,0.295997545178227,-0.0931545881407971,30032310,"child","4-year-olds","2023-03-30",52,"4 years, 4 months","m",5,"adc5","ok","ok","no",64.9264705882353,9.40834208509484,-1.37393713699187
"52",30032381,2.2598,2.4958,0.236,0.243255917457493,0.433110212197958,-0.0167530509628712,0.833333333333333,0.833333333333333,1,0,0.0894607843137255,0.233633502940449,-0.382910769165363,-0.199831910064117,2.4165,2.352,-0.0645000000000002,0.228278758738843,0.376368608345382,-0.777904299792635,0.823529411764706,1,-0.176470588235294,0.00245098039215686,0.092591421011293,-1.9323773916984,-1.35514084574552,0.833333333333333,0.166666666666667,0,-0.833333333333333,-0.764093137254902,0.295997545178227,-0.233921521331335,31032303,"child","4-year-olds","2023-03-31",52,"4 years, 4 months","f",5,"adc8","ok","ok","no",64.9264705882353,9.40834208509484,-1.37393713699187
"53",30032387,2.17616666666667,2.61025,0.434083333333334,0.243255917457493,0.433110212197958,0.44059782129686,1,1,1,0,0.0894607843137255,0.233633502940449,-0.382910769165363,0.0288435260657482,2.33445454545455,2.39975,0.0652954545454545,0.228278758738843,0.376368608345382,-0.433041705868901,1,1,0,0.00245098039215686,0.092591421011293,-0.0264709231739507,-0.229756314521426,1,0,0,-1,-0.764093137254902,0.295997545178227,-0.796989254093487,30032306,"child","4-year-olds","2023-03-30",55,"4 years, 7 months","f",7,"adc8","ok","ok","no",64.9264705882353,9.40834208509484,-1.05507118028386
"54",31032333,2.54183333333333,2.97466666666667,0.432833333333333,0.243255917457493,0.433110212197958,0.43771171987326,1,0.75,1,0.25,0.0894607843137255,0.233633502940449,0.687141243296748,0.562426481585004,2.36545454545455,3.1254,0.759945454545455,0.228278758738843,0.376368608345382,1.41262231763685,1,0.888888888888889,0.111111111111111,0.00245098039215686,0.092591421011293,1.17354426071182,1.29308328917434,0.875,0.125,0,-0.875,-0.764093137254902,0.295997545178227,-0.374688454521873,30032311,"child","4-year-olds","2023-03-30",57,"4 years, 9 months","f",6,"adc3","pointed early even after I said not to","ok","no",64.9264705882353,9.40834208509484,-0.842493875811849
"55",31032337,0.932,0.932454545454545,0.000454545454545485,0.243255917457493,0.433110212197958,-0.56059950831169,0.916666666666667,0.916666666666667,0,0,0.0894607843137255,0.233633502940449,-0.382910769165363,-0.471755138738527,0.907727272727273,0.9259,0.0181727272727272,0.228278758738843,0.376368608345382,-0.558245365865656,0.647058823529412,0.555555555555556,0.0915032679738562,0.00245098039215686,0.092591421011293,0.96177687532021,0.201765754727277,0.916666666666667,0.0833333333333334,1,0.0833333333333334,-0.764093137254902,0.295997545178227,2.8629510088605,3042306,"child","5-year-olds","2023-04-03",63,"5 years, 3 months","m",5,"adc3","moved a lot; had trouble getting fixations","ok","no",64.9264705882353,9.40834208509484,-0.204761962395829
"56",31032338,1.27198836130691,0.8625,-0.409488361306915,0.243255917457493,0.433110212197958,-1.5071089537507,0.916666666666667,1,0.916666666666667,-0.0833333333333334,0.0894607843137255,0.233633502940449,-0.739594773319401,-1.12335186353505,1.08040599786467,1.03427272727273,-0.0461332705919444,0.228278758738843,0.376368608345382,-0.729104455701491,0.941176470588235,0.944444444444444,-0.00326797385620914,0.00245098039215686,0.092591421011293,-0.0617654874058849,-0.395434971553688,0.958333333333333,0.0416666666666666,0.0833333333333334,-0.875,-0.764093137254902,0.295997545178227,-0.374688454521873,31032307,"child","6-year-olds","2023-03-31",74,"6 years, 2 months","f",1,"adc3","ok","ok","no",64.9264705882353,9.40834208509484,0.964413212200207
"57",31032339,1.08108333333333,1.1765,0.0954166666666667,0.243255917457493,0.433110212197958,-0.341343257737026,1,0.833333333333333,0.666666666666667,0.166666666666667,0.0894607843137255,0.233633502940449,0.330457239142711,-0.00544300929715785,1.0946,1.14933333333333,0.0547333333333333,0.228278758738843,0.376368608345382,-0.461104942222632,0.764705882352941,0.944444444444444,-0.179738562091503,0.00245098039215686,0.092591421011293,-1.96767195593034,-1.21438844907648,0.916666666666667,0.0833333333333334,0.333333333333333,-0.583333333333333,-0.764093137254902,0.295997545178227,0.610680077811892,4042303,"child","5-year-olds","2023-04-04",68,"5 years, 8 months","m",7,"adc3","stood up a lot","ok","no",64.9264705882353,9.40834208509484,0.326681298784187
"58",33003237,1.36,3.05833333333333,1.69833333333333,0.243255917457493,0.433110212197958,3.35960080112537,0.0833333333333333,0.75,1,-0.666666666666667,0.0894607843137255,0.233633502940449,-3.23638280239766,0.0616089993638564,2.53433333333333,3.41975,0.885416666666667,0.228278758738843,0.376368608345382,1.7459955303307,0.647058823529412,0.555555555555556,0.0915032679738562,0.00245098039215686,0.092591421011293,0.96177687532021,1.35388620282545,0.416666666666667,0.583333333333333,0,-0.416666666666667,-0.764093137254902,0.295997545178227,1.17374781057404,31032305,"child","4-year-olds","2023-03-31",57,"4 years, 9 months","m",7,"adc3","squirmy","ok","no",64.9264705882353,9.40834208509484,-0.842493875811849
"59",70423810,0.84475,1.09785467565358,0.253104675653577,0.243255917457493,0.433110212197958,0.0227396120403245,1,1,1,0,0.0894607843137255,0.233633502940449,-0.382910769165363,-0.180085578562519,0.897916666666667,1.04468800898691,0.146771342320243,0.228278758738843,0.376368608345382,-0.21656273826058,1,1,0,0.00245098039215686,0.092591421011293,-0.0264709231739507,-0.121516830717265,1,0,0,-1,-0.764093137254902,0.295997545178227,-0.796989254093487,7042306,"child","6-year-olds","2023-04-07",83,"6 years, 11 months","m",6,"adc8","hair was falling near/over sticker; stood up a lot","ok","no",64.9264705882353,9.40834208509484,1.92101108232424
"60",110423310,1.8385,2.503,0.6645,0.243255917457493,0.433110212197958,0.97260251704703,1,0.916666666666667,1,0.0833333333333334,0.0894607843137255,0.233633502940449,-0.0262267650113261,0.473187876017852,1.839,2.42163636363636,0.582636363636364,0.228278758738843,0.376368608345382,0.941517430094321,1,0.944444444444444,0.0555555555555556,0.00245098039215686,0.092591421011293,0.573536668768933,0.757527049431627,0.958333333333333,0.0416666666666666,0,-0.958333333333333,-0.764093137254902,0.295997545178227,-0.656222320902949,11042306,"child","6-year-olds","2023-04-11",73,"6 years, 1 months","f",6,"adc3","trial 13 should be 1 not 2 (may have pressed one)","ok","no",64.9264705882353,9.40834208509484,0.858124559964203
"61",200323411,2.6382,2.47691666666667,-0.161283333333333,0.243255917457493,0.433110212197958,-0.934033046087416,0.833333333333333,1,1,-0.166666666666667,0.0894607843137255,0.233633502940449,-1.09627877747344,-1.01515591178043,2.42754545454545,2.67290909090909,0.245363636363637,0.228278758738843,0.376368608345382,0.0453940027036349,0.941176470588235,0.944444444444444,-0.00326797385620914,0.00245098039215686,0.092591421011293,-0.0617654874058849,-0.00818574235112498,0.916666666666667,0.0833333333333334,0,-0.916666666666667,-0.764093137254902,0.295997545178227,-0.515455387712411,21032302,"child","4-year-olds","2023-03-21",56,"4 years, 8 months","m",8,"adc4","looked at me for reassurance","ok","no",64.9264705882353,9.40834208509484,-0.948782528047852
"62",210323022,1.95633333333333,2.04525,0.088916666666667,0.243255917457493,0.433110212197958,-0.356350985139743,1,1,1,0,0.0894607843137255,0.233633502940449,-0.382910769165363,-0.369630877152553,1.70545454545455,2.178,0.472545454545454,0.228278758738843,0.376368608345382,0.649009217002644,1,1,0,0.00245098039215686,0.092591421011293,-0.0264709231739507,0.311269146914347,1,0,0,-1,-0.764093137254902,0.295997545178227,-0.796989254093487,21032303,"child","5-year-olds","2023-03-21",61,"5 years, 1 months","m",1,"adc3","ok","restarted to practice because they weren't touching any key","no",64.9264705882353,9.40834208509484,-0.417339266867836
"63",300323511,2.27455555555556,2.42272727272727,0.148171717171717,0.243255917457493,0.433110212197958,-0.219538116645276,0.75,0.916666666666667,0.916666666666667,-0.166666666666667,0.0894607843137255,0.233633502940449,-1.09627877747344,-0.657908447059356,2.0395,2.6726,0.6331,0.228278758738843,0.376368608345382,1.075597784419,0.882352941176471,0.833333333333333,0.0490196078431372,0.00245098039215686,0.092591421011293,0.502947540305063,0.789272662362034,0.833333333333333,0.166666666666667,0.0833333333333334,-0.75,-0.764093137254902,0.295997545178227,0.0476123450497406,30032301,"child","4-year-olds","2023-03-30",53,"4 years, 5 months","f",2,"adc5","ok","ok","no",64.9264705882353,9.40834208509484,-1.26764848475586
"64",300323512,2.89718181818182,2.51855555555556,-0.378626262626263,0.243255917457493,0.433110212197958,-1.4358520362007,0.916666666666667,0.75,1,0.166666666666667,0.0894607843137255,0.233633502940449,0.330457239142711,-0.552697398528994,2.44663636363636,3.06922222222222,0.622585858585859,0.228278758738843,0.376368608345382,1.0476620289362,1,0.833333333333333,0.166666666666667,0.00245098039215686,0.092591421011293,1.7735518526547,1.41060694079545,0.833333333333333,0.166666666666667,0,-0.833333333333333,-0.764093137254902,0.295997545178227,-0.233921521331335,30032307,"child","4-year-olds","2023-03-30",53,"4 years, 5 months","m",1,"adc5","said he didn't know for first test trial","ok","no",64.9264705882353,9.40834208509484,-1.26764848475586
"65",310323310,2.72608333333333,2.89091666666667,0.164833333333333,0.243255917457493,0.433110212197958,-0.181068425346469,1,1,0.916666666666667,0,0.0894607843137255,0.233633502940449,-0.382910769165363,-0.281989597255916,2.78072727272727,2.77725,-0.00347727272727294,0.228278758738843,0.376368608345382,-0.615768760537649,1,0.944444444444444,0.0555555555555556,0.00245098039215686,0.092591421011293,0.573536668768933,-0.0211160458843583,1,0,0.0833333333333334,-0.916666666666667,-0.764093137254902,0.295997545178227,-0.515455387712411,31032309,"child","5-year-olds","2023-03-31",65,"5 years, 5 months","f",2,"adc3","ok","ok","no",64.9264705882353,9.40834208509484,0.00781534207617716
"66",310323311,1.13911516288452,1.155,0.0158848371154781,0.243255917457493,0.433110212197958,-0.524972798928352,1,0.916666666666667,1,0.0833333333333334,0.0894607843137255,0.233633502940449,-0.0262267650113261,-0.275599781969839,1.06845454545455,1.21844849621786,0.14999395076331,0.228278758738843,0.376368608345382,-0.208000365173106,0.941176470588235,1,-0.0588235294117647,0.00245098039215686,0.092591421011293,-0.661773079348768,-0.434886722260937,0.958333333333333,0.0416666666666666,0,-0.958333333333333,-0.764093137254902,0.295997545178227,-0.656222320902949,31032308,"child","6-year-olds","2023-03-31",72,"6 years, 0 months","m",2,"adc3","ok","ok","no",64.9264705882353,9.40834208509484,0.7518359077282
"67",310323811,2.0809,3.6495,1.5686,0.243255917457493,0.433110212197958,3.06006195470806,0.833333333333333,0.166666666666667,1,0.666666666666667,0.0894607843137255,0.233633502940449,2.47056126406693,2.7653116093875,1.81033333333333,2.87433333333333,1.064,0.228278758738843,0.376368608345382,2.22048604142416,0.647058823529412,0.666666666666667,-0.0196078431372548,0.00245098039215686,0.092591421011293,-0.238238308565556,0.991123866429301,0.5,0.5,0,-0.5,-0.764093137254902,0.295997545178227,0.892213944192968,3042307,"child","5-year-olds","2023-04-03",66,"5 years, 6 months","f",6,"adc8","wears glasses but was fine; trial 17 should be 2 not 1","ok","no",64.9264705882353,9.40834208509484,0.11410399431218
"68",310323812,1.8368,1.72354545454545,-0.113254545454545,0.243255917457493,0.433110212197958,-0.823140283630834,0.833333333333333,0.916666666666667,0.916666666666667,-0.0833333333333333,0.0894607843137255,0.233633502940449,-0.7395947733194,-0.781367528475117,1.36188888888889,1.94409090909091,0.58220202020202,0.228278758738843,0.376368608345382,0.940363392736496,0.882352941176471,0.888888888888889,-0.00653594771241828,0.00245098039215686,0.092591421011293,-0.0970600516378191,0.421651670549338,0.875,0.125,0.0833333333333334,-0.791666666666667,-0.764093137254902,0.295997545178227,-0.0931545881407971,3042308,"child","5-year-olds","2023-04-03",69,"5 years, 9 months","m",7,"adc8","squirmy","ok","no",64.9264705882353,9.40834208509484,0.43296995102019
